OBJECTID,zones455,FREQUENCY,Age_adjusted_LCM,Female_Rate,Male_Rate,less_than_49,F49_74,beyond_74,smokrate,GDP,Health_Care_Quality,Health_care_Access,Public_Health,wind,NO2,Temp,SO2,PM25,ozone,co
1,,7,27.14285714,33.13333333,34.73285714,0.251428571,78.22833333,157.3842857,0.163142857,43.42857143,20.57142857,17.71428571,21.57142857,96.72271509,17.89632302,55.82024952,5.867675519,27.59005638,36.82295406,0.241816401
2,0,2,25.65,30.84,31.57,0,80.455,198.125,0.166,19.5,31,45,27,94.13913545,18.82197207,64.3002123,2.887740601,29.11595397,45.19714971,0.278868573
3,1,3,32.4,52.4,57.25333333,0,100.51,289.21,0.16,21,9,16,21,98.65381865,14.15208868,40.08967534,1.870228994,30.36457853,35.20978192,0.266069859
4,2,2,52.1,63.575,72.62,0,165.82,446.715,0.223,34,44,40,49,85.74671479,12.94229465,60.0896863,7.673580981,32.25273066,37.37593842,0.244438774
5,3,5,66.62,106.1633333,101.264,0,205.186,401.298,0.201,30,48,49,44,87.8169012,12.29057477,62.10973576,4.167845516,34.02882829,39.61471866,0.259931104
6,4,2,45,66.25,19.225,0,111.995,426.885,0.193,46,31,31,35,96.88271178,11.82370277,45.41489894,2.940514318,20.91926594,36.60622474,0.260537014
7,5,3,40.1,59.01,51.37333333,0,116.1066667,332.14,0.135,11,17,11,9,97.10630006,18.87585933,50.57618164,4.060599717,30.55816719,32.68825524,0.231857608
8,6,2,39,38.605,60.31,0,120.45,295.54,0.193,14,11,15,36,99.22464085,16.40223607,48.25687631,2.018982922,30.74791217,35.31086493,0.251161698
9,7,2,28.2,35.75,15.57,0,80.995,109.89,0.175,37,32,43,31,92.55830638,15.61409187,62.68786648,3.071012834,28.08931783,44.51590003,0.274471104
10,8,4,38.875,56.3375,71.8625,0,120.105,312.44,0.211,7,23,24,42,97.832925,16.62318433,51.22995655,2.187563042,32.83651265,38.67992409,0.240910576
11,9,4,37.575,52.705,41.1875,0,106.355,280.0775,0.1815,21,23.5,17.25,25,96.50649004,14.49663666,55.20212975,1.852365038,30.22949748,39.86473818,0.234842964
12,10,2,46.35,65.23,80.235,0,135.125,381.035,0.187,6,10,6,25,91.67909824,11.4860523,48.47980648,1.215054583,28.27428322,34.32668403,0.23300581
13,11,3,40.56666667,36.07666667,53.92,0,133.92,283.1566667,0.197666667,20.66666667,36.33333333,39.33333333,41,85.49878693,16.64440727,66.40636368,2.552606503,36.39659735,38.9147885,0.269433358
14,12,2,39.8,,56.79,0,109.87,116.96,0.145,20,25,21,8,92.78194638,14.43415142,39.09632912,1.440354705,26.65832463,34.15112763,0.252222443
15,13,3,42.96666667,61.33333333,70.18666667,0,140.9166667,290.1766667,0.172,10,21,22,30,86.90862444,14.35313469,61.08589999,1.606709682,29.55860933,41.06570824,0.235772974
16,14,6,39.66666667,39.305,55.38,0,120.9133333,271.7066667,0.175,8,39,42,29,100.3643303,16.63280678,62.53894075,1.096831297,35.80437724,41.49727917,0.279315415
17,15,1,33.7,59.85,42.42,0,,338.82,0.201,30,48,49,44,90.53081614,13.81520827,58.63218333,2.916965707,32.54405518,37.21677526,0.249514974
18,16,2,40.45,59.97,53.645,0,121.405,308.55,0.193,14,11,15,36,98.67274539,16.31207419,46.54247061,1.739991059,30.49080356,35.816981,0.249686097
19,17,2,44.1,68.905,68.29,0,154.6,186.035,0.2155,28,41,36.5,44.5,87.05341721,12.89916456,58.30735461,7.045648973,30.83228453,38.14965725,0.233901241
20,18,2,61.9,54.13,106.165,0,198.76,459.28,0.226,16,15,35,43,94.90466118,17.07681046,57.93433743,3.725285507,29.84083386,40.37650376,0.265157134
21,19,5,54.6,59.982,80.26,0.726,156.094,367.29,0.223,31.6,41.8,42,46,84.54035919,15.00824876,61.69524111,5.166055694,33.16769855,38.72423623,0.261096646
22,20,6,48.48333333,68.332,89.65666667,0,178.0016667,276.1,0.19,12,19,26.33333333,34.33333333,98.64152684,14.64166306,60.06427764,4.663166595,30.55923361,42.58309147,0.24982774
23,21,2,24,22.815,30.33,0,79.03,100.57,0.143,38,7,19,26,105.2438319,16.39957635,46.68724995,3.518677577,21.22035017,37.70462634,0.244557182
24,22,5,47.46,55.77,90.026,1.106,168.388,241.6,0.2022,15,28.6,38.4,38.2,98.62327412,17.02976081,60.59794947,3.053557562,33.10196816,41.57037917,0.264973716
25,23,4,54.625,48.16,101.87,0,153.9925,270.0825,0.212,27,35.5,23,35,97.15850195,13.93599912,55.04440403,2.601531724,30.94384893,38.3958079,0.235811517
26,24,2,47.35,44.185,59.66,0,116.035,459.155,0.222,36,50,45,46,87.27770103,13.70225238,66.59357997,4.347261927,36.01665361,36.39010713,0.269329396
27,25,2,40.3,72.385,89.07,3.63,130.89,305.075,0.161,4,24,48,13,88.58894024,13.21164894,71.95796299,1.632286218,29.95715866,35.00578732,0.26396725
28,26,1,32,57.08,52.07,0,86.39,267.81,0.187,6,10,6,25,97.04876848,12.79074347,54.64259859,3.936472351,31.66592841,36.36653671,0.210290815
29,27,1,39.9,37.7,55.81,0,106.21,315.27,0.211,7,23,24,42,98.25287628,17.38816833,50.97218486,1.888354863,33.04354913,38.76154772,0.253184537
30,28,7,49.84285714,55.75666667,75.11857143,1.5,154.4628571,349.1585714,0.208,22,38,33,40,94.99387124,15.20122512,54.45914013,5.851876094,31.06719619,40.07621684,0.246196761
31,29,3,36.1,43.45333333,57.74,1.93,112.94,245.4433333,0.211,7,23,24,42,97.61408446,15.76524785,51.98564392,2.010385536,33.66278214,39.41857688,0.216827733
32,30,3,40.2,59.79,55.37333333,0.876666667,103.6633333,353.5366667,0.149,45,6,4,7,102.9368287,15.28600687,50.88592644,0.322345142,22.43225613,40.36078025,0.255178179
33,31,6,55.6,70.894,98.86333333,0,192.9733333,360.235,0.243666667,29.66666667,40.33333333,29.33333333,47.33333333,99.74594652,14.65522766,56.52900864,4.234250923,29.92970024,39.42209532,0.223064613
34,32,5,43.86,61.055,82.552,0,152.418,213.884,0.2064,13.2,20.4,14.8,33.4,97.4518737,13.84898958,52.67631409,3.195095473,33.48316626,37.41957475,0.210429544
35,33,4,33.95,48.6425,57.9,0,115.485,214,0.137,12,19,3,2,106.1998047,14.95020414,48.43228021,0.263289915,24.82497711,34.92681376,0.245207018
36,34,3,42.43333333,75.475,82.43,0,141.9366667,216.14,0.145,20,25,21,8,99.01208044,13.07547587,34.61728224,1.408809254,20.95934718,33.7064882,0.258347539
37,36,3,52.56666667,92.44,108.72,0,181.0633333,367.99,0.218,30,42,37.66666667,46,87.52374396,13.69024093,58.84012816,8.83823582,31.33138133,38.74181052,0.236809686
38,37,3,39.93333333,43.235,76.54333333,0,116.28,306.98,0.172,10,21,22,30,94.83414396,13.7496233,60.52735392,1.324246138,31.97755356,42.95184015,0.252881644
39,38,3,42.8,97.15,45.50333333,0,137.0333333,147.3733333,0.16,21,9,16,21,96.62798733,14.47485387,46.78622558,1.645029449,30.93317103,36.04078107,0.266203343
40,39,1,33.5,36.22,59.58,0,82.72,323.32,0.193,14,11,15,36,95.84353209,14.45397908,31.65509462,2.091782659,30.35600954,35.31696987,0.257901214
41,40,2,35.9,48.265,70.125,0,123.285,227.43,0.187,6,10,6,25,95.80413933,12.10407039,52.7971344,3.362239126,35.19684935,35.19991559,0.210803193
42,41,4,71.85,74.01333333,109.44,0,233.4675,282.5175,0.2245,25,29.5,37.5,46,86.14953405,15.64484651,60.18345419,13.38357863,31.29289991,39.4440492,0.260421685
43,42,2,39.8,98.67,0,0,139.54,386.73,0.193,14,11,15,36,92.50298187,15.08509449,28.87313145,3.011183226,29.79031849,35.69572004,0.243095563
44,43,5,43.22,42.952,60.988,0,138.532,320.434,0.223,34,44,40,49,85.73813752,13.42286547,61.71118315,7.606591953,33.26843344,37.87060787,0.254137034
45,44,4,54,60.135,90.5175,0,167.8225,404.7425,0.209,27,35,38,47,85.35528339,17.84117317,63.34199559,4.991302447,34.50463642,40.75533287,0.27467447
46,45,6,33.9,40.84833333,54.28666667,0.46,91.05,275.87,0.187,6,10,6,25,98.97406551,17.03022727,53.8715602,0.907264209,33.43154581,36.25010894,0.261291939
47,46,3,37.86666667,45.1,55.41666667,0,98.19,114.0833333,0.158,50,29,8,16,107.3881091,12.80063587,45.28940068,1.309435788,20.5776379,33.54836552,0.227009305
48,47,4,53.3,93.99,115.205,0,181.0025,359.1625,0.193,14,11,15,36,96.24119139,15.62574215,43.90708153,2.927349478,27.9291002,35.67124747,0.247556568
49,48,4,45.775,49.66333333,53.85,0,123.9675,310.545,0.164,13,22,14,20,94.61184343,15.3985013,57.09059121,1.153762531,28.67504681,39.63516331,0.248126964
50,49,4,42.3,40.6775,62.245,0.7725,137.64,226.0625,0.231,26,42,29,45,77.85127226,9.947014198,69.40373389,4.412284831,34.4291625,35.93913549,0.278981353
51,50,1,64.3,65.05,109.07,0,202.93,433.08,0.223,34,44,40,49,86.15298004,13.22604847,63.18763733,7.456062317,34.36533203,37.63751507,0.283831067
52,51,2,58.65,,0,34.34,114.47,171.335,0.174,33,47,25,37,89.2209034,13.64731097,57.75406981,3.637893468,31.591851,36.84680223,0.219709745
53,52,4,48.975,57.23333333,76.33,0,159.2675,272.3575,0.20625,24,40.5,37,41,86.80787849,13.37311351,57.33114132,5.872701039,31.04968965,37.54710372,0.229478576
54,53,2,46.45,60.21,95.955,0,153.835,332.85,0.212,27,35.5,23,35,98.22162788,12.95298342,58.93190066,3.012248685,29.80817747,41.36707974,0.23323081
55,54,5,43.8,44.05,53.6,1.854,127.038,289.328,0.201,30,48,49,44,89.22730311,13.65934355,60.18769732,4.126776117,34.39298164,38.87121435,0.266350544
56,55,8,54.5875,51.67,78.05625,0.355,164.425,348.7675,0.226,16,15,35,43,91.68380151,17.5066329,58.76605903,7.486615965,29.54398831,39.89321117,0.261826165
57,57,3,47.36666667,59.20666667,81.25333333,1.39,174.3266667,290.4966667,0.226,16,15,35,43,100.5235838,14.13494631,58.82415356,2.216566997,29.87726036,41.24240184,0.265595383
58,58,3,67.5,84.285,128.7866667,0,228.49,309.8466667,0.226,16,15,35,43,101.1958955,14.8681252,58.38571676,4.828498046,29.73396365,40.74168218,0.265666537
59,59,1,37.8,51.2,60.82,0,140.53,0,0.187,49,43,41,38,118.9200509,11.57125169,44.33755562,3.632460353,16.41826597,40.11073082,0.234374728
60,60,1,32.7,43.28,56.16,0,104.38,249.32,0.145,20,25,21,8,99.17654109,12.95687129,31.71838769,1.395153135,23.85145053,33.93369463,0.24967058
61,61,1,16.3,7.12,17.63,0,27.46,190.06,0.157,2,30,47,23,74.99443644,11.21677403,72.92556867,3.777688482,38.52168534,32.42049183,0.252072281
62,62,5,43.12,51.278,66.338,1.088,126.366,324.51,0.1706,8.6,26.2,46,19.8,53.49719761,14.23087912,69.4410308,1.964989382,34.33351359,36.52886628,0.267860279
63,63,1,48.5,57.82,72.62,0,171.81,0,0.141,3,26,5,10,104.6463048,12.88543472,42.45838725,2.369012475,19.58035685,32.49362348,0.220916411
64,64,4,54.05,77.85333333,93.275,0,181.8675,331.3075,0.155,5,46,18,14,94.73245144,15.77960154,54.97816777,10.53399328,32.27323302,38.98361834,0.248155575
65,65,1,55.8,79.49,108.96,0,254.5,0,0.26,41,49,32,50,99.8511556,14.84489504,56.93569056,3.6951406,30.1227239,39.83637873,0.223853678
66,66,4,43.65,53.41,65.8625,0,107.905,162.72,0.2145,13,32,31.5,41.5,98.57087135,17.84153378,51.71128392,1.507331126,34.0569942,36.9542617,0.248751665
67,67,1,40.2,43.66,54.41,0,135.62,0,0.193,14,11,15,36,98.38051224,15.81883955,40.91402817,1.70653984,29.55374336,35.63477898,0.238216262
68,68,4,38,,0,41.59,39.0125,61.265,0.174,33,47,25,37,95.20392587,15.50452364,55.06075786,2.220812543,31.16952373,35.61546359,0.244680512
69,69,2,32.4,29.97,39.34,0,90.24,297.84,0.164,32,32.5,23.5,16,101.5562791,11.5060184,37.46512292,1.453492953,23.61854372,33.10788775,0.238578888
70,70,5,38.32,57.884,56.11,0,107.54,234.03,0.141,3,26,5,10,107.0291627,17.40690571,46.33599614,0.198439512,25.48844332,33.89143643,0.250535949
71,71,2,36.65,57.645,57.435,0,147.44,94.635,0.161,24,13,30,19,104.1688077,18.41610604,53.58498804,3.927929332,29.87882904,33.86451142,0.234821227
72,72,3,30.4,32.965,34.46333333,0,94.82333333,154.9,0.145,20,25,21,8,93.16349453,14.95309608,35.38210809,1.361726815,25.37933833,33.96481701,0.25514516
73,73,2,32.45,60.975,54.45,0,87.705,275.545,0.137,12,19,3,2,106.8515214,14.83949719,51.14676815,0.38447251,25.46680482,36.11894035,0.241187036
74,74,1,60.9,136.22,0,0,174.89,572.08,0.16,21,9,16,21,98.07442038,13.90265022,34.23451315,1.568070258,28.05186885,34.39923423,0.253813725
75,75,4,49.125,82.36,92.155,2.4925,164.6875,241.0425,0.1795,13.75,20.25,19.25,25.75,100.178485,14.16434709,59.06204044,9.122061344,29.9613969,41.46727595,0.245605402
76,76,1,40.4,,0,43.28,52.56,96.38,0.174,33,47,25,37,95.01345062,14.1862652,57.66380819,2.465041558,30.11300511,36.22310003,0.254120972
77,77,5,45.28,46.388,76.832,0,142.142,315.96,0.209,27,35,38,47,76.1150002,16.93404978,65.98317129,4.185353432,35.71081408,38.72546947,0.269254651
78,78,2,47.45,49.68,89.815,0,152.11,330.615,0.188,25,33,27,39,86.34410032,13.92409118,64.13722585,1.115340663,30.74907125,38.78469563,0.269516969
79,79,2,36.85,54.15,42.285,0,114.79,142.115,0.145,20,25,21,8,99.44939942,12.47913133,36.08432055,1.413112526,21.97336369,33.28732804,0.250467488
80,80,3,32.83333333,27.38,56.04,0.96,128.9733333,79.22333333,0.157,2,30,47,23,82.82375355,9.154785037,68.16056868,3.746566602,35.00469777,35.63322957,0.259934651
81,81,4,68.175,83.39,122.955,0,222.9625,0,0.26,41,49,32,50,100.0979769,14.28664923,57.68706393,3.937079077,29.87722417,39.75268548,0.226263865
82,82,4,58.575,66.745,90.4475,0,216.4625,277.4175,0.2155,28,41,36.5,44.5,88.1534195,15.14512,58.94697936,20.1869277,30.94229802,39.49991694,0.25267675
83,83,3,50.16666667,54.14,98.51333333,0,142.96,273.4733333,0.188,25,33,27,39,90.26833428,13.54242889,65.3174892,2.696133445,29.9340082,36.83284264,0.269284659
84,84,2,35.25,56.645,61.22,0,135.12,97.37,0.157,39,34,5,12,109.9974703,13.91848417,47.91157169,0.451640513,21.44523845,33.41044998,0.236861434
85,85,3,29.93333333,36.67,40.17,0.806666667,81.205,170.2266667,0.143666667,21,24,3.666666667,5.333333333,111.5121489,14.30587756,51.01663514,0.493283977,24.96626023,33.39464363,0.233150908
86,86,3,44.33333333,49.57,69.96666667,0,134.6066667,300.42,0.155,5,46,18,14,96.3715753,16.2861811,50.61769262,2.114733432,35.39733235,39.45656762,0.255658421
87,87,1,35.5,32.44,45.05,2.9,89.82,310.86,0.193,14,11,15,36,96.32325151,15.61709552,45.91330338,1.476827595,29.63460286,35.99850676,0.245487713
88,88,2,38.75,63.005,83.115,0,108.045,347.12,0.1655,27.5,18.5,44.5,29,89.86194941,19.66625086,64.2022494,3.14982916,24.54260802,46.04512463,0.253498681
89,89,3,47.9,64.3,50.31666667,0,117.67,443.93,0.211,7,23,24,42,96.70521757,17.44615237,53.44531653,0.936552842,35.78264448,41.53299056,0.242605594
90,90,1,19.9,27.05,34.25,0,91.2,0,0.156,18,5,46,27,94.10496762,19.15273369,59.98986776,4.952409111,23.74144712,45.91278106,0.245377488
91,91,4,42.375,71.985,41.68,0,135.8175,260.2425,0.141,3,26,5,10,96.51634868,13.44534522,41.74267163,1.38208634,25.47383332,34.76306505,0.208681099
92,92,5,42.62,45.674,64.352,0,131.794,343.674,0.157,2,30,47,23,87.46323105,11.92296506,64.57577481,3.684279562,33.43174645,39.54151355,0.253899265
93,93,8,56.5875,65.3325,95.82125,0,137.09875,203.74875,0.218,19,41,39,41,93.2212608,16.44327291,54.60069068,2.480004909,33.90950753,36.54326452,0.244936493
94,94,4,44.925,55.83,71.095,0,103.1675,314.685,0.218,19,41,39,41,95.94743681,17.93049169,52.99847484,2.104413934,33.89531915,36.16778421,0.259184193
95,95,2,54.15,69.25,73.18,2.515,179.795,374.07,0.201,30,48,49,44,89.03841229,13.54516585,59.40566674,3.961053807,33.47627116,37.33058978,0.254210356
96,96,3,42.73333333,58.61666667,64.14666667,0,141.8366667,200.4333333,0.170333333,6.666666667,34,44,23.66666667,87.89549469,13.92396408,70.02816482,6.024385981,31.32575614,35.92136555,0.265433193
97,97,5,37.88,65.3375,47.642,0,119.4725,235.336,0.161,24,13,30,19,104.2700667,17.92275659,54.82075096,3.920068758,28.34784049,31.31797114,0.234780589
98,98,3,40.86666667,67.57666667,74.44,0,142.57,223.39,0.146666667,15.66666667,8,10.66666667,13.33333333,97.75858107,16.40138594,58.87714613,0.613672261,28.56035041,38.78162592,0.272733467
99,99,3,40.1,57.14,65.93666667,0,137.9966667,262.8866667,0.193,14,11,15,36,98.14700466,16.00439549,46.49105136,2.945880426,28.60104773,35.64299393,0.245222414
100,100,1,55.6,67.81,106.61,0,231.99,0,0.222,36,50,45,46,85.34262848,11.05360031,67.82438087,4.582104564,35.46866703,35.91387558,0.280954421
101,101,2,42.4,58.955,63.83,2.105,126.595,305.345,0.141,3,26,5,10,97.677717,13.05917358,48.33212408,1.644448863,27.04143853,35.82626039,0.20417581
102,102,4,40.3,56.57,76.5575,0,142.3675,286.37,0.164,13,22,14,20,95.88638478,14.38417704,57.04279258,1.80230987,28.78264171,38.67012564,0.235139275
103,103,1,47.9,44.96,56.54,0,129.58,394.65,0.172,10,21,22,30,87.76005363,14.21088886,62.13995743,1.083788514,31.67788601,41.36589813,0.224033511
104,104,2,34.25,45.245,52.695,0,106.09,258.665,0.161,24,13,30,19,105.3842497,17.96348829,54.15971474,3.921800765,29.5884248,32.7384541,0.234880227
105,105,1,22.5,666.1,717.7,67.65,621.1,6310.5,0.113,1,4,34,4,92.55008341,16.70132065,64.83259989,4.17598292,29.88802808,44.06466222,0.247938433
106,106,3,47.1,72.54666667,62.2,0,125.42,347.92,0.141,3,26,5,10,100.1497518,13.70577849,49.63923248,1.6449494,26.52389876,35.0391354,0.200468222
107,107,4,43.55,50.5025,65.69,1.585,133.235,315.225,0.211,7,23,24,42,96.14352957,17.64029527,54.1840655,2.158975922,35.84897566,42.52124802,0.23819632
108,108,4,37.625,38.8025,59.2425,0,118.28,279.37,0.1815,16.5,36,34.5,34,87.26106585,14.98335547,64.87880207,4.359638914,36.49218092,40.10459534,0.268656524
109,109,3,34.93333333,37.86666667,38.29666667,0.753333333,85.34,313.16,0.138,17,1,9,10,95.30759315,16.52010772,56.90874818,1.181004787,29.15463546,42.96745675,0.253050973
110,110,1,37.2,27.63,56.56,0,147.16,216.24,0.209,27,35,38,47,77.77951558,16.46677026,64.76847521,4.969880144,33.79651515,37.78750165,0.272808552
111,111,7,44.87142857,68.50333333,73.46428571,0,152.2216667,266.7685714,0.187428571,11.71428571,19.28571429,25.71428571,33.71428571,101.1535146,15.0456997,60.30996791,4.072403346,29.48047906,42.29135315,0.252864515
112,112,3,55.03333333,88.29,96.74666667,0,241.5,196.3666667,0.164,13,22,14,20,100.1943434,14.00322469,58.35660087,7.088868274,29.75005626,40.70499187,0.234380797
113,113,2,43.25,47.215,65.435,2.07,116.76,347.09,0.172,10,21,22,30,92.09414864,13.48010167,61.16355833,0.957663529,31.73636039,43.48449675,0.24219094
114,114,3,33,37.17333333,50.43,0,93.88,260.2,0.158333333,15.66666667,21.33333333,16.66666667,18.66666667,97.21546427,16.19219147,49.2033365,1.197930859,33.70344416,39.15019692,0.263514491
115,115,3,36.73333333,84.23,72.9,0,121.6433333,221.3466667,0.135,11,17,11,9,93.1464399,19.37771316,50.39052329,4.020871377,25.22128714,29.64427439,0.234289602
116,116,1,39.3,56.05,90.48,0,132,290.62,0.173,43,14,23,33,108.6353106,9.981148402,45.04668045,0.87702827,19.28358806,31.84213188,0.21613667
117,117,4,39.1,52.665,72.8,0,121.03,290.8425,0.172,10,21,22,30,88.01302245,13.7839358,64.80468775,6.508639957,24.68052929,38.77913641,0.269572216
118,118,4,46.65,52.745,70.53,0,179.1125,159.58,0.231,26,42,29,45,85.11708971,8.971747399,68.36470801,4.506873115,34.80551291,35.58206595,0.27727026
119,119,2,38.8,73.9,41.645,0,144.63,196.98,0.187,6,10,6,25,95.41837738,11.65390226,50.37630409,3.029335281,31.82011486,35.42484751,0.207338547
120,120,3,39.76666667,43.59666667,45.6,0,115.5966667,217.27,0.231,26,42,29,45,72.88495848,11.2751722,70.2543621,3.782135738,33.90601932,36.78102499,0.278873377
121,121,7,47.42857143,57.61,77.30428571,0,167.08,163.56,0.188428571,17.14285714,30.28571429,42.28571429,32.42857143,70.30704162,14.84512675,69.05211984,1.690575226,34.13347517,36.13139896,0.26805922
122,122,5,54.44,70.462,101.326,0,163.722,367.498,0.226,16,15,35,43,102.2794727,15.22482108,59.37889977,1.668598783,30.50115541,41.33225899,0.272140052
123,123,5,42.38,46.036,63.454,0.952,128.37,288.184,0.188,25,33,27,39,83.98129462,13.70958636,64.97745748,1.039512124,32.08649116,38.00076781,0.272146528
124,124,3,34.6,33.92,50.39333333,1.603333333,100.3,184.81,0.175,8,39,42,29,90.39125506,13.98158884,68.12999496,6.374210024,34.14835752,36.97521083,0.269314229
125,125,2,55.95,106.545,115.385,0,200.845,198.595,0.193,14,11,15,36,94.42531162,15.40449611,36.6813757,2.863013768,29.37358452,36.25541246,0.243522872
126,126,3,35.26666667,35.17,45.43,0,85.65666667,290.3,0.159666667,33.66666667,31,15.66666667,19.33333333,95.75467925,14.54901075,51.05271784,2.011712023,29.6249032,34.42111307,0.235008181
127,127,1,25.7,17.58,20.79,0,65.06,249.66,0.157,2,30,47,23,84.05701192,10.05862904,68.04308573,3.711740176,35.108476,36.16893005,0.257066985
128,128,1,31,1275.5,1229.9,150.03,1150,6280.1,0.113,1,4,34,4,103.3137834,16.8083992,60.83083089,3.889116645,28.80914095,41.67299953,0.253309772
129,129,3,44.43333333,56.36666667,78.77333333,0,134.0033333,359.3133333,0.172,10,21,22,30,95.03827405,13.16797071,60.14616263,1.410976658,31.97986181,43.19805908,0.242996966
130,130,3,71.86666667,105.69,95.43333333,0,253.85,149.5433333,0.222,36,50,45,46,85.44551177,13.94049646,63.48884448,5.188850733,34.3586108,37.22189216,0.263729062
131,131,2,34.3,48.5,56.015,3.295,102.905,268.625,0.161,4,24,48,13,80.43806267,12.86373712,73.30024474,1.687613257,29.96399519,35.19055435,0.257436837
132,132,3,28.26666667,704.5666667,770.4,72.11666667,769.3766667,6528.266667,0.113,1,4,34,4,106.8694239,13.96063224,62.04168526,4.196754894,29.87187149,38.46413829,0.249648651
133,133,1,28.2,23.48,31.37,0,72.78,240.73,0.157,2,30,47,23,92.29453823,14.8348546,61.73456301,1.860902361,27.48139027,43.30944231,0.274530672
134,134,2,49.9,94.13,85.18,0,188.99,169.73,0.209,27,35,38,47,49.45342261,14.87247081,68.67032471,2.404571088,34.70247402,36.76303654,0.267986923
135,135,2,32.95,48.61,66.145,0,87.49,138.905,0.157,39,34,5,12,116.1649082,13.00283597,45.30357945,0.447297329,20.9365441,32.80567853,0.226463826
136,136,2,33.4,43.615,44.155,0,96.84,285.655,0.193,14,11,15,36,97.47148005,16.28158331,47.14650536,1.714533518,30.30991904,37.04655902,0.249171667
137,137,3,48.26666667,73.64,42.70666667,0,96.31666667,271.7733333,0.218,19,41,39,41,97.82597436,17.1248561,51.84443622,2.245710519,33.30169741,35.62134213,0.254799856
138,138,4,36.75,790.71,753.2825,80.4175,700.705,3839.945,0.137,12.5,8.5,32,11.5,106.5975946,17.35807338,54.26408533,3.846965757,28.28499783,35.61150336,0.235281059
139,139,4,43.8,52.81,70.6675,0,157.2925,223.3425,0.211,7,23,24,42,97.41407252,17.16698219,52.23692727,1.127549965,33.90724686,40.46290584,0.248238086
140,140,1,42.8,50.83,74.25,0,114.17,376.7,0.173,43,14,23,33,109.2073562,10.5526325,45.65937439,0.202792019,18.29497803,34.2644633,0.216239247
141,141,2,47.45,74.41,68.37,0,149.12,312.25,0.161,4,24,48,13,86.95185566,14.25142583,70.50897465,2.951150227,30.20734916,35.15911118,0.266797434
142,142,3,47.26666667,54.05666667,59.85,0,123.4333333,352.1266667,0.157,2,30,47,23,86.29690376,8.47446745,67.23878939,3.780746908,34.56530995,34.75148837,0.261358674
143,143,2,56.6,112.83,119.055,0,238.74,0,0.223,34,44,40,49,87.15286332,14.21456778,59.32431259,10.07845145,31.531331,38.9457922,0.244739194
144,144,1,32,39.3,50.62,1.97,97.85,258.49,0.141,3,26,5,10,102.1296353,13.34499963,49.41500176,1.611330297,25.9176214,34.38612239,0.194939502
145,145,4,54.725,68.7675,73.1725,0,198.4875,179.6225,0.175,8,39,42,29,91.85840608,16.64291227,65.23977471,1.533676907,36.03855801,41.00845655,0.269176506
146,146,1,32.6,745.4,856.5,96.2,1053.58,7508.3,0.113,1,4,34,4,107.9527872,16.27982655,62.09826001,3.593968196,32.46841396,40.95082508,0.254814831
147,147,2,51.85,41.015,82.445,0,120.68,360.95,0.218,19,41,39,41,95.83981324,17.0516553,52.55041647,2.790883839,34.39397001,35.38398918,0.257466109
148,148,2,39.9,57.185,61.065,0,128.385,295.73,0.141,3,26,5,10,99.52649517,13.69653783,32.28198704,1.238223215,24.46410436,33.31256125,0.243218381
149,149,2,28.05,985.07,1120.71,109.43,1005.845,6724.2,0.146,15,8,28,11,91.53991795,16.75151571,52.31655258,5.148482399,21.56048017,43.87451021,0.248245391
150,150,3,23.06666667,30.33,41.08666667,0,67.62,141.36,0.172,47,36,36,32,92.40589849,16.05794006,45.16808897,4.117724438,26.1214328,32.78052803,0.213888483
151,151,7,39.81428571,46.13714286,45.12,0.337142857,97.76285714,355.6557143,0.164,7,45.28571429,21,17.85714286,95.27924719,16.98681517,50.31232497,2.349307658,35.65043802,38.32975408,0.252607148
152,152,2,30.8,64.28,83.6,0,108.04,236.135,0.161,4,24,48,13,84.07536745,11.77946944,73.91332579,1.452440858,29.29981423,34.83708072,0.257433448
153,153,4,45.275,48.2975,63.07,0,163.7375,232.68,0.157,2,30,47,23,81.14546032,9.138958103,68.77162199,3.763967429,34.45453973,34.73198979,0.262394603
154,154,1,44.7,,0,58.06,65.43,97.6,0.174,33,47,25,37,95.09091949,14.86736526,55.22032013,2.215983534,32.28261337,35.13730011,0.238731337
155,155,2,47.75,66.715,77.615,0,163.92,122.49,0.26,41,49,32,50,99.33825334,14.22459793,58.55684058,2.829302261,29.67894856,40.12513829,0.234824185
156,156,1,64.7,,110.99,0,237.7,0,0.161,4,24,48,13,86.83717007,14.13567246,70.60145908,1.572902891,30.73345078,34.95743815,0.261744476
157,157,4,38.625,58.74666667,50.665,0,107.05,145.4675,0.157,39,34,5,12,115.8222787,13.33328331,48.71759789,0.567631072,20.3194034,34.18093073,0.231211206
158,158,2,40.1,55.57,53.445,0,122.245,305.545,0.1575,13,27.5,17,17.5,96.77327156,15.78074758,49.47611682,1.34038353,35.47718875,38.63102309,0.26543234
159,159,1,33.9,74.03,74.86,0,104.1,260.63,0.156,18,5,46,27,93.11324761,20.02234997,65.31223266,4.23562087,26.25710272,46.19076057,0.257151963
160,160,2,49.9,72.1,70.535,0,138,217.03,0.193,14,11,15,36,97.08598519,15.72782405,44.7663951,2.519166172,27.50182247,35.59846115,0.235580812
161,161,2,37.2,76.115,75.53,0,149.34,242.86,0.161,4,24,48,13,89.46520122,11.95805653,74.07000653,2.008718834,29.38631765,34.81180167,0.257634433
162,162,1,42,47.71,55.89,0,154.6,0,0.175,8,39,42,29,88.08480835,14.3033638,68.63259125,3.017020822,33.56786346,37.15607452,0.272051141
163,163,5,21.02,26.15,34.022,0,51.626,207.282,0.175,37,32,43,31,96.62423308,18.27352806,57.43202871,3.51678243,21.53290683,45.75975282,0.247585724
164,164,2,49.9,82.09,31.845,0,208.18,379.755,0.227,30,43,34.5,47,86.2962389,10.16917885,65.36143541,5.095432163,35.23102737,36.08595515,0.268653004
165,166,2,41.45,58.73,83.345,0,137.8,310.805,0.187,6,10,6,25,97.34978231,12.4407196,54.38241387,4.167115867,31.37239822,36.18027465,0.208400311
166,167,1,32.7,51.33,82.92,0,128.59,204.17,0.157,2,30,47,23,80.37322807,11.50367105,69.01572323,3.879213661,35.48023319,36.15478277,0.252597813
167,168,9,51.85555556,76.86111111,87.41222222,0,188.24,262.7966667,0.208,14,17,30.66666667,38.66666667,103.0001387,14.709777,59.53257397,5.126841622,29.161344,41.10209532,0.261005073
168,169,4,57.125,60.2625,92.6775,3.9375,178.57,247.9425,0.21875,33.75,46.25,43.25,46.25,63.6205485,13.01234625,69.5982978,2.625343923,34.72121417,37.06710744,0.266017645
169,170,3,39.33333333,62.945,85.53666667,0,143.6266667,182.6466667,0.182,16.33333333,10.33333333,15.33333333,31,96.58769099,14.4236072,38.96572152,2.096671239,29.4719666,35.54319264,0.266674556
170,171,4,42.7,59.85,80.6925,0,133.2575,178.25,0.2355,24,36,28,46,98.52322992,13.48462941,53.5839177,3.486585389,34.27269006,39.02991907,0.208824951
171,172,2,61.1,59.82,78.295,0,179.685,509.33,0.231,26,42,29,45,85.25507546,8.558342169,68.03925209,4.522857619,34.57564697,34.78396296,0.270815285
172,173,2,54.85,47.27,97.055,0,217.825,134.805,0.18,17.5,27,24.5,34.5,88.30225332,13.79791117,64.20164368,2.45261561,29.49707253,39.14215184,0.276938984
173,174,5,41.9,49.516,57.016,0.816,143.948,246.676,0.211,7,23,24,42,97.97525986,16.61046457,53.55371198,1.707662952,34.21390326,40.85036275,0.22158291
174,175,4,56.975,70.61,83.435,0,215.295,200.2725,0.222,36,50,45,46,90.58387861,12.62857454,66.2509863,5.167717973,36.14846467,36.54109709,0.272522422
175,176,3,40.96666667,59.375,50.66333333,0,120.8133333,275.7733333,0.161,4,24,48,13,86.6754932,13.82143078,70.00681559,0.809167776,32.08804241,35.14096843,0.261919557
176,177,4,37.375,49.385,58.31,0.9325,122.74,277.8775,0.161,4,24,48,13,87.66556599,14.1510507,71.11373052,2.499491716,30.30752612,35.276805,0.266942644
177,178,4,36.575,43.745,59.465,0,114.205,205.8725,0.188,25,33,27,39,95.90456572,13.22439783,67.53603975,3.408777345,31.70230625,35.43913348,0.261550014
178,179,1,26.5,33.39,33.21,0,74.19,230.45,0.176,32,18,44,28,105.926801,18.26550033,54.25104141,3.796130327,23.48220101,37.84628461,0.241822289
179,180,4,31.025,43.0675,45.6775,1.2375,84.1625,252.08,0.162,7.5,15,9.5,14,100.2245841,20.40346797,54.262496,0.824182065,30.48964592,34.95057616,0.268879795
180,181,2,33.1,34.5,43.78,0,98.885,254.885,0.164,13,22,14,20,90.62606049,15.11304641,59.2332077,0.834595278,28.5696497,39.78125572,0.254123628
181,182,5,34.34,44.172,38.542,0,96.102,296.992,0.148,20.2,21.8,20,10.6,94.19459345,14.95985728,33.7841879,1.350851272,29.91056455,33.88956907,0.254193152
182,183,3,29.4,876.2666667,919.6333333,84.76666667,749.9,7123.1,0.127,23,27,2,6,103.5493668,17.45929421,53.26358668,0.239630066,26.11802525,39.56483555,0.262888496
183,184,3,48.8,46.79,83.62333333,4.256666667,123.4233333,372.64,0.213333333,11,29,29,41.66666667,96.07364549,17.23245875,54.86500486,3.621680266,35.98003335,42.31910801,0.243582903
184,185,3,34.43333333,47.48,53.41333333,0,87.62666667,309.27,0.137666667,20,13.66666667,13.66666667,14.66666667,92.43989395,17.53228823,48.47323022,4.085225347,33.62492124,32.36935569,0.229208236
185,186,4,24.975,41.4875,38.88,0.665,78.045,211.0975,0.156,18,5,46,27,92.75293471,19.88347755,66.41298053,4.46956267,25.88522396,46.2277543,0.253600655
186,187,2,51.25,68.45,46.245,34.57,154.575,224.475,0.1875,31.5,47.5,37,40.5,93.31342999,13.9059914,58.3092955,2.476914138,31.78318183,37.02159612,0.256720771
187,188,1,31.3,50.32,65.01,0,130.54,171.62,0.161,4,24,48,13,100.6796221,13.17190812,76.16125107,1.442630727,29.50948136,32.60525622,0.257037318
188,189,5,42.92,60.116,69.732,1.766,123.198,324.474,0.211,7,23,24,42,97.13030987,14.50175082,50.97233696,2.642851621,31.43327908,39.59496231,0.202945549
189,190,3,36.5,44.96,52.73666667,1.213333333,108.4166667,305.56,0.193,14,11,15,36,99.28104672,16.72303412,48.12683334,2.906102885,31.27552789,36.34503644,0.249708534
190,191,3,36.93333333,42.78333333,68.61,0.736666667,122.6933333,207.11,0.193,14,11,15,36,98.28759172,16.42268256,46.61179996,3.558240806,30.09771254,36.81407373,0.245721114
191,192,3,41.96666667,48.885,78.33,0,129.9333333,327.5133333,0.172,10,21,22,30,82.9958073,14.3008129,62.00389207,2.273223892,27.43093694,40.43430344,0.241513629
192,193,3,43.66666667,44.745,63.68,0.793333333,164.6266667,195.5833333,0.208,22,38,33,40,94.18081496,16.14720408,54.42680952,2.211116393,29.94986047,37.15506564,0.244633514
193,194,1,34.9,33.4,52.26,0,115.92,283.64,0.157,2,30,47,23,85.45590973,12.30504566,65.8957456,3.437463641,32.95963796,40.37399832,0.263435339
194,195,3,54.9,70.735,102.4166667,0,199.3866667,223.6066667,0.223,34,44,40,49,84.08990244,11.44570259,62.91958458,7.298247329,34.13409107,36.95902419,0.261372222
195,196,2,60.8,96.24,55.67,0,194.065,218.175,0.155,5,46,18,14,96.00376845,16.68089386,51.86347072,2.198376072,34.87840613,36.97187731,0.256062769
196,197,2,39.1,68.22,62.89,1.18,114.745,304.8,0.166,25,11.5,45,27.5,94.1069103,19.98934852,64.5772441,4.220315517,25.66570737,45.63132561,0.259911252
197,198,4,14.75,9.596666667,10.6575,0.3,40.81,97.7,0.089,29,2,12,15,101.5695721,19.34549085,50.62828486,4.317448586,23.58692168,41.03059291,0.245862518
198,199,2,63.6,88.8,109.015,0,257.445,167.645,0.226,16,15,35,43,99.86588362,15.3498127,57.88895455,3.276148939,29.81784363,41.1115387,0.267472413
199,200,2,27.6,30.5,38.79,0,83.805,218.49,0.16,21,9,16,21,96.30965062,14.19923814,38.51008911,1.64090812,30.69494567,34.96142387,0.259377235
200,201,1,38.6,53.33,77.88,0,143.41,0,0.193,14,11,15,36,96.87926865,15.43332951,47.77548953,3.586940799,29.32033566,37.27373632,0.242596286
201,202,1,43,42.07,69.27,0,148.74,291.1,0.175,8,39,42,29,85.77144368,15.07333787,68.23566945,1.948835055,37.08648936,37.1091334,0.267141292
202,203,2,40.05,73.395,43.495,0,132.785,177.27,0.141,3,26,5,10,94.07308032,12.57768001,48.6043424,1.374799463,26.28823795,34.88404433,0.206824962
203,204,2,50.2,51.2,92.635,0,195.985,142.005,0.175,8,39,42,29,87.98096943,14.04739845,69.22350025,2.021202252,33.30230236,36.10522843,0.262460091
204,205,5,40.08,408.36,502.32,56.12,465.31,2741.54,0.1502,22.2,16.8,14.6,8.6,102.703976,18.38832778,59.27540502,0.699350989,29.7830818,38.12621198,0.27501361
205,206,1,40.4,,79.65,0,130.69,0,0.157,2,30,47,23,82.74236298,8.708905697,67.98155866,3.780715397,34.49127851,34.398789,0.257852703
206,208,1,46.7,62.46,117.13,0,181,316.66,0.173,43,14,23,33,108.8418929,,,,,34.35233331,
207,209,2,41.85,37.125,69.51,0,152.625,150.55,0.1815,13.5,42,25.5,27,93.89370595,15.52288656,55.96241656,19.06416827,30.84542332,39.75445786,0.247747277
208,210,2,48.85,70.325,90.97,0,175.765,361.025,0.172,10,21,22,30,93.94772784,13.7672987,60.67536323,0.935199529,32.74518935,43.18548362,0.249030815
209,211,6,40.33333333,48.41833333,43.33166667,0,120.4083333,313.845,0.164333333,6.666666667,33,47.33333333,26.5,86.81581463,10.04485403,65.01848876,3.841055988,33.72590615,37.42483843,0.258172698
210,212,6,30.5,38.07833333,41.18166667,0.228333333,83.75333333,258.7533333,0.135,11,17,11,9,91.02739,19.92340905,50.39492101,4.058522786,25.67336493,30.88163241,0.234490628
211,213,6,36.33333333,53.968,60.36166667,0,117.835,201.575,0.187,6,10,6,25,93.57950486,13.1875352,51.73771175,1.332865885,33.27853908,34.85351266,0.242593236
212,214,2,36.3,32.44,63.13,0,129.23,119.71,0.157,2,30,47,23,86.76776693,11.86057494,65.54486484,3.670368401,32.6292419,39.11970566,0.254738746
213,215,4,48.075,54.6025,66.425,0,101.6175,366.3575,0.218,19,41,39,41,94.86934748,17.43782873,53.45704823,3.480465433,33.6952888,35.6062994,0.26214505
214,216,3,62.4,73.58,115.37,0,245.3566667,125.95,0.211,7,23,24,42,98.41425883,15.49465897,55.4964464,3.629050174,31.11662222,40.54586718,0.229014195
215,217,6,42.66666667,53.09,48.25333333,0.661666667,134.8366667,260.7366667,0.164,13,22,14,20,90.88501013,15.10068558,58.71578857,1.046635756,28.59758383,39.69529975,0.247038522
216,218,3,39.83333333,56.01333333,68.70666667,0,120.37,270.1166667,0.187,6,10,6,25,96.44530926,12.2592153,51.91833951,3.839394842,33.19011698,35.63854719,0.208890561
217,219,3,39.36666667,50.88333333,60.99333333,0,132.5566667,273.8566667,0.228,29.33333333,44.66666667,34.33333333,45.33333333,71.39059151,12.3087936,69.71243173,3.607944479,33.64119675,37.00904387,0.28005812
218,220,2,32.8,78.205,27.545,0,121.97,0,0.157,2,30,47,23,84.88608281,11.22403955,67.68898583,3.670243865,35.25513482,37.07996901,0.249312327
219,221,2,54.7,74.95,86.73,0,187.555,346.32,0.155,5,46,18,14,96.42587519,14.91645575,51.26157308,2.636469335,34.29519177,39.84969211,0.247750444
220,222,2,30.7,32.36,51.09,0,86.445,228.55,0.187,6,10,6,25,94.96220298,11.43813578,51.00986523,2.526633534,34.30198673,34.92366865,0.215083344
221,223,2,58.1,68.1,89.69,0,194.11,224.72,0.201,30,48,49,44,84.74291927,11.01912291,62.01004133,3.933402198,33.00214407,36.08581565,0.266061798
222,224,1,49.5,,110.61,0,185.26,0,0.209,27,35,38,47,67.39008951,16.13818181,66.59409237,4.018007636,34.9226222,37.73184374,0.26849156
223,226,3,38.83333333,47.95333333,67.11333333,0,115.5033333,179.9133333,0.164,13,22,14,20,92.26259186,14.73601318,59.73907536,2.007970858,29.39891278,41.10429869,0.233046778
224,227,1,37.2,46.92,64.73,0,90.04,319.89,0.141,3,26,5,10,103.19933,19.93528748,49.08840307,0.349007621,26.12288698,34.85889397,0.27187593
225,228,4,43.075,65.07,59.4025,0,118.17,327.4825,0.211,7,23,24,42,97.21717211,17.84353905,52.23372212,0.94720428,34.16941547,39.95823889,0.249342166
226,229,5,40.08,33.59,54.686,0.746,109.894,319.674,0.157,2,30,47,23,89.52166643,11.43042858,65.64956723,3.63366608,33.80951834,38.03862566,0.25223028
227,230,4,37.75,43.055,45.445,0,70.3825,308.5375,0.218,19,41,39,41,96.67480326,17.85023034,52.79644203,1.655564971,34.89200998,35.45436708,0.26608615
228,231,1,51.7,75.06,89.56,0,129.01,352.11,0.171,31,37,7,22,97.17306328,14.94770765,50.97002697,2.077915937,33.68026924,38.27304363,0.257828802
229,232,3,35.53333333,646.5566667,700.71,84.08666667,673.15,4962.82,0.130333333,19.33333333,24.33333333,2.333333333,4.666666667,103.9434113,16.24822057,51.10618318,0.304804183,25.10229067,38.65980029,0.252211175
230,233,5,33.72,33.756,38.93,0,94.752,277.01,0.175,8,39,42,29,100.4834762,17.46995519,63.45057984,0.996977777,37.45401436,42.31326393,0.277301543
231,234,2,16.75,11.345,21.72,0,45.265,144.96,0.157,2,30,47,23,79.35309944,10.63563859,74.59667511,3.728095794,38.34934388,30.47909451,0.244381104
232,235,3,35.4,44.05333333,48.76333333,0,94.46666667,309.16,0.172,10,21,22,30,91.84532081,13.97244387,61.19658131,1.449582174,31.64228423,42.93361039,0.22412887
233,236,5,28.1,25.322,34.252,0.316,72.588,259.582,0.157,2,30,47,23,83.39809094,11.37038489,68.63997984,3.670248563,36.01769865,36.21139497,0.249925415
234,237,4,40.75,52.14666667,61.98,0.8725,126.815,342.5425,0.141,3,26,5,10,97.50951879,14.25598248,33.16996518,1.197522823,25.23190261,34.67241295,0.237419205
235,238,3,42.26666667,62.16,74.20666667,0,134.1733333,270.0933333,0.156333333,4,20.66666667,5.333333333,15,97.43936034,15.70919599,39.56373571,0.595144712,26.60486037,33.94776132,0.258570664
236,239,2,36.35,51.73,60.465,0,127.62,85.76,0.161,4,24,48,13,96.53632257,12.47329227,75.01946259,1.38610533,29.31913641,33.64274134,0.257433572
237,240,3,55.56666667,82.06666667,77.65666667,0,156.4133333,412.7866667,0.193,14,11,15,36,97.09808985,15.47206954,45.23422834,2.090411901,27.84181256,35.66667811,0.235786494
238,241,1,26,608,717.6,84.78,974.02,7081.4,0.113,1,4,34,4,94.6846693,17.9678654,63.27571908,4.078544287,36.944512,44.14545441,0.246677096
239,242,4,45.95,46.215,77.3875,0,152.9725,266.7775,0.2125,20,39,33.5,39.5,84.93450699,8.265856467,65.6900709,4.202720731,34.87728185,35.47938604,0.262088477
240,243,1,43.3,83.57,105.1,0,104.17,457.78,0.176,32,18,44,28,97.38710812,18.85967265,60.2685058,4.188830061,26.12662358,43.33089872,0.253782509
241,244,2,39.3,49.335,59.38,0,132.93,157.71,0.211,7,23,24,42,94.82972972,18.09777419,53.73512936,3.058997144,35.99324195,40.15070693,0.243104714
242,245,2,62.2,,111.23,0,232.37,0,0.175,8,39,42,29,88.19081943,14.25304516,69.10906347,4.624830723,31.19706122,36.92989302,0.274963033
243,246,5,35.64,38.1725,52.106,0,103.598,233.118,0.175,8,39,42,29,97.95954692,17.51905797,64.3804835,2.220945446,35.89966469,41.40446714,0.270404056
244,247,1,57.6,79.3,67.39,0,165.9,366.03,0.193,14,11,15,36,96.55316925,14.32223887,29.45211298,1.704549656,28.38330931,34.69204736,0.262627389
245,248,1,38.8,1072.8,1146.3,148.39,1293.9,6489.3,0.113,1,4,34,4,108.5260006,15.76766621,59.01025477,3.679070061,25.20044942,37.50142719,0.235581883
246,249,5,34.74,50.4,53.216,0,105.6825,283.946,0.1402,13.6,16.2,14.8,11,95.71901284,19.49129608,51.81436499,4.008102285,26.35098949,30.47279229,0.234546609
247,250,1,26.6,19.88,27.01,1.57,75.08,220.42,0.157,2,30,47,23,81.6104572,10.47264632,69.20988758,3.728495653,35.26474204,35.38995009,0.254225026
248,251,1,39.3,,61.58,0,125.58,0,0.172,10,21,22,30,87.14642715,15.48329735,60.64121819,1.593494117,27.67203426,39.90085793,0.244136088
249,252,1,41.3,40.7,59.99,0,151.25,281.69,0.157,2,30,47,23,82.46333822,12.44572067,62.73613358,4.240866979,32.15207609,40.25785828,0.256079242
250,253,1,33.3,1020.4,1097.5,145.1,786.1,6988.9,0.127,23,27,2,6,107.1038876,18.63258529,50.92290354,0.214999953,24.67291117,37.29486609,0.27972791
251,254,1,17.6,21.23,35.2,0,41.77,181.22,0.089,29,2,12,15,90.81913528,16.95198975,60.79837551,4.348466659,21.944314,44.97902439,0.265198275
252,255,1,23.9,32.79,34.51,0,85.41,165.19,0.156,18,5,46,27,93.45946744,20.18140655,68.82658346,4.068719312,29.1860986,46.06816606,0.258291421
253,256,3,47.76666667,65.48666667,76.27333333,0,149.7266667,234.3733333,0.155,5,46,18,14,94.92387417,14.62142457,52.57424854,3.182599266,34.40694512,39.80947544,0.244733352
254,257,2,61.05,93.105,85.255,0,211.795,405.23,0.226,16,15,35,43,88.85458489,16.6234376,58.8527586,27.72765026,29.57113228,39.40421054,0.262684721
255,258,2,34.8,59.54,33.56,0,98.44,273.185,0.141,3,26,5,10,99.27744173,16.09267904,39.68237845,0.597574757,26.02486884,33.58127589,0.258727623
256,259,5,48.34,63.076,73.452,0,156.886,282.338,0.201,30,48,49,44,89.26967269,12.83342956,59.336001,4.230969214,32.50257492,36.51050919,0.250420529
257,260,1,64.8,,150.06,0,150.43,487.07,0.193,14,11,15,36,96.79740779,14.38228774,47.91204166,2.060833047,25.51543268,35.9986709,0.24450153
258,261,2,36.6,53.445,60.845,0,104.12,344.27,0.141,3,26,5,10,108.3996339,15.15088833,43.9326392,1.100153073,22.97656242,33.21850698,0.235212308
259,262,2,56.55,100.835,84.095,0,179.02,275.52,0.141,3,26,5,10,107.4284237,13.24128808,42.89048326,1.63930622,19.26863507,33.54205834,0.232854876
260,263,2,36.55,780.3,879.4,117.615,1064.265,7157.85,0.113,1,4,34,4,104.3602165,14.87217518,60.43431314,4.144975454,28.88544162,38.79940224,0.249492787
261,264,2,35,48.72,48.31,0,90.55,300.46,0.172,47,36,36,32,96.22763859,14.41033479,42.78551863,4.259836165,23.80884717,33.50680134,0.213418154
262,265,3,45.43333333,78.17333333,76.13666667,0,157.29,242.63,0.161,24,13,30,19,110.5135751,17.29640128,55.94989225,3.919165656,29.10048465,33.77665188,0.235149791
263,266,4,42.05,48.205,26.8275,0,93.465,206.285,0.171,31,37,7,22,97.38450734,14.08457597,48.58564806,1.532235615,30.04022559,34.72757411,0.24235492
264,268,5,29.18,39.474,42.47,1.4,75.73,265.338,0.137,9,20,13,3,101.3948663,21.31609858,57.79132085,0.744238246,30.38190926,37.99471219,0.274589711
265,269,1,55.8,66.12,75.78,0,141.36,340.49,0.218,19,41,39,41,95.19455973,16.04400349,53.20470047,1.926761468,34.78931936,35.92450587,0.259347399
266,270,2,36.75,51.66,73.27,0,123.03,119.565,0.164,13,22,14,20,91.45810318,15.19250298,58.74305344,0.816917166,28.15994311,39.36601003,0.25423196
267,271,6,36.21666667,58.30166667,42.51666667,0,121.41,177.0616667,0.16,21,9,16,21,97.70274735,13.94933731,46.76418882,2.145926392,29.99241018,35.70408477,0.266558488
268,272,1,46.5,90.12,48.3,0,121.01,469.01,0.193,14,11,15,36,91.16584259,15.11114065,20.65060875,3.047142181,31.4467614,35.69818008,0.254600262
269,273,6,50.5,70.315,86.35,0.821666667,172.6983333,219.3216667,0.211,7,23,24,42,98.20634223,15.44742309,52.884224,2.608649502,34.46472395,40.27825144,0.208244756
270,274,2,54.65,64.02,88.78,0,155.3,412.365,0.201,30,48,49,44,88.5166864,13.63864102,58.62292381,3.099543589,32.54599353,36.98353904,0.246745394
271,275,5,35.46,43.876,67.306,0,109.756,216.756,0.1656,12.4,21.8,15.6,22,95.79172379,13.71352842,59.51154842,1.538224456,29.68734073,42.10932599,0.22304835
272,276,4,61.65,68.9075,109.625,0,220.67,221.1,0.211,7,23,24,42,97.26802694,16.17775383,55.10365394,2.031423191,33.74757124,41.71946082,0.239695516
273,277,3,42.16666667,58.92,65.08,0,124.9633333,300.4366667,0.173,43,14,23,33,113.6143822,12.45053407,45.59664213,0.358422123,24.21955859,34.20154047,0.221288462
274,278,2,29.3,486.66,501.38,51.995,467.165,3786.625,0.134,13,26.5,3.5,8,103.4406542,19.00746365,55.06015859,0.31469198,27.32230183,41.05964287,0.284821986
275,279,1,50.9,65.72,68.58,0,191.29,346.85,0.201,30,48,49,44,96.43245888,13.85728828,58.920976,2.944431682,32.67982705,38.06761424,0.270025571
276,280,4,45.925,75.58,77.8825,0,161.425,338.44,0.155,5,46,18,14,97.65470647,15.42372156,50.40199012,2.045797731,34.63724772,39.10108541,0.256608611
277,281,2,52.4,58.78,85.94,0,192.725,175.095,0.231,26,42,29,45,88.19806137,10.59870545,65.78523662,4.792895111,35.52678757,36.27105904,0.293690944
278,282,2,38.1,56.8,50.46,0,125.675,275.175,0.193,14,11,15,36,97.05476456,16.02004563,48.50066185,1.934620932,30.94659971,39.06491182,0.243332206
279,283,5,35.96,47.602,46.198,2.134,95.428,319.72,0.177,6.6,12,7.4,20.6,99.82398116,19.84051106,56.03862984,0.855138673,31.70147867,36.6584542,0.265120671
280,284,3,51.7,46.33,85.52333333,0,188.43,286.11,0.222,36,50,45,46,81.47388416,15.08855126,64.40186119,4.1396682,33.78006935,36.95699247,0.256709972
281,286,4,33.025,30.995,41.2775,0.3525,100.6775,210.26,0.172,10,21,22,30,89.67033341,13.90389512,61.99786243,0.835916511,31.8460818,41.98001773,0.236474854
282,287,3,39.93333333,70.21666667,102.77,1.603333333,129.2566667,283.5666667,0.161,4,24,48,13,83.0952603,12.99868833,72.64432526,2.288416841,29.68133783,35.29615132,0.257929075
283,289,7,34.84285714,51.45833333,42.62571429,0.375714286,122.928,249.8471429,0.153571429,20.28571429,14.14285714,24.57142857,16.14285714,102.0149216,18.03485955,53.78416505,3.919783123,28.01562945,31.30757927,0.234648011
284,290,1,35.5,32.93,37.06,0,105.45,317.62,0.175,8,39,42,29,88.06847382,13.72332573,69.516922,2.806125879,31.50918961,36.02685928,0.267254725
285,291,4,44.125,55.085,71.57,0,127.645,250.2325,0.155,5,46,18,14,95.35917855,15.7504038,52.79997572,3.121886077,34.86610983,38.56664507,0.253427745
286,292,1,76.4,124.37,109.96,0,258.82,465.77,0.231,26,42,29,45,86.28899892,8.367058754,67.01640701,4.309780995,34.77895673,34.58151499,0.261181384
287,293,4,36.925,236.815,280.4875,36,311.545,1972.4475,0.1455,19.25,13.25,13,8.25,103.6004481,18.36417441,57.60928416,0.891983119,30.60165179,39.58025019,0.268708043
288,294,6,32.58333333,39.93333333,54.12333333,0.546666667,105.8333333,182.42,0.178833333,7.833333333,8.5,6.5,22.5,97.54321806,13.89421768,53.82666082,1.692558757,33.6444624,38.17183594,0.246625607
289,295,1,50,54.1,75.82,0,106.82,425.62,0.171,31,37,7,22,97.94689369,14.68363452,46.18601036,1.805690676,30.92308474,35.15073299,0.24241323
290,296,3,33.7,52.76333333,48.12333333,0,80.19,294.45,0.16,21,9,16,21,97.47299417,14.09696326,50.43582071,1.407800822,29.38862358,36.94122037,0.266257155
291,297,2,32.4,26.27,56.025,0,77,303.865,0.145,20,25,21,8,95.55268344,13.88749791,36.6084629,1.469416232,23.22110517,33.95740997,0.252193754
292,298,2,33.55,38.72,45.26,0,106.52,233.615,0.208,22,38,33,40,95.6931469,15.63869491,54.25390167,2.225158787,31.25419255,35.98539976,0.243614494
293,299,3,40.06666667,66.62333333,62.47,0,118.6266667,253.3233333,0.152333333,34.33333333,28,7,14,110.8873334,14.07688461,46.63771364,0.82097487,23.39315915,33.2462365,0.235950987
294,300,3,43.53333333,45.72,71.77333333,0.716666667,126.0033333,326.9433333,0.209,27,35,38,47,81.40242732,17.80264098,64.04392247,5.702692555,34.83197892,39.58629357,0.273139873
295,301,1,28.3,27.69,33.08,0,80.46,221.43,0.154,35,28,20,18,95.81832377,14.86022123,52.3987448,2.232220994,28.51457829,34.59415181,0.249174374
296,302,1,34.8,,59.42,0,,333.94,0.145,20,25,21,8,100.3321773,12.18644772,34.91650772,1.374187044,22.75120653,33.10729504,0.260995446
297,303,1,44.7,54.97,88.84,0,153.63,287.67,0.141,3,26,5,10,102.2493767,13.79723043,36.86332791,1.690487293,23.11581274,32.0292842,0.231180488
298,304,3,65.63333333,66.39,108.7566667,0,209.7866667,63.26666667,0.208,22,38,33,40,93.92585123,15.11422783,53.27291957,3.838688535,30.94237888,38.13645679,0.240485399
299,306,2,43.75,56.5,77.33,1.35,123.995,352.55,0.187,6,10,6,25,97.8212266,13.04266531,53.56767321,4.025765687,34.22143603,36.76591715,0.207875025
300,307,2,34.8,50.29,53.02,1.68,96.6,287.995,0.143,28.5,12.5,3.5,4.5,103.823603,15.83735554,51.10996469,0.361382811,23.83548196,38.71516037,0.251585516
301,308,2,58.1,57.22,109.685,0,257.73,138.42,0.155,5,46,18,14,95.21515374,14.82201696,52.46421192,2.596253722,32.73360947,40.00542178,0.241196109
302,309,3,45.73333333,63.22,60.15333333,0,136.8366667,259.0433333,0.227333333,18.33333333,31.66666667,26.66666667,44.66666667,98.72334332,15.14407645,55.17855008,4.655847894,30.82012187,39.84966087,0.212893442
303,310,2,56.4,79.955,76.64,0,179.36,178.945,0.218,19,41,39,41,94.08676243,16.49653904,54.94697762,2.58984679,33.14713765,36.60233514,0.248932657
304,311,2,41.1,60.97,76.245,0,133.405,281.87,0.164,4.5,18,5.5,17.5,96.68471748,12.75775242,47.71332427,2.557916015,28.135824,36.39045883,0.202938379
305,312,1,43.1,71.98,47.32,0,141.46,269.21,0.141,3,26,5,10,104.1670164,13.19063871,40.74943161,3.649739836,21.13399655,32.7934529,0.2207468
306,313,5,51.84,67.47,94.758,0,188.858,159.664,0.221,26.2,33,39.6,45,86.57162753,16.23255661,61.40489153,8.285404956,30.58988707,38.40974411,0.256780818
307,314,6,41.58333333,58.182,57.30833333,0,138.7416667,228.275,0.211,7,23,24,42,97.64397344,16.42582976,52.27675158,1.629208662,33.75357153,39.93779223,0.228810754
308,315,2,41.7,68.04,56.77,0,142.01,143.98,0.193,14,11,15,36,95.47668058,15.0187248,41.96278758,2.480839826,27.17505255,35.39143117,0.23669597
309,316,3,33.86666667,38.07333333,41.53,0.733333333,93.35,285.9166667,0.156666667,10.33333333,33.66666667,17.33333333,16.33333333,96.09211707,17.05988416,49.52385179,1.907534417,33.5387686,39.33777393,0.253492924
310,317,3,44.7,53.50333333,87.10666667,0,136.4266667,203.4233333,0.166666667,12,21.66666667,16.66666667,23.33333333,94.04259727,14.35029064,60.08489518,3.185040537,30.38159189,42.73242905,0.222410933
311,318,3,21.1,21.585,28.43333333,2.23,60.9,168.8733333,0.141,3,26,5,10,103.8361549,23.09073098,55.6793944,0.611592273,30.30265395,36.80966632,0.280834754
312,319,1,32.6,37.63,70.39,0,95.4,280.11,0.164,13,22,14,20,95.93425179,14.12183547,57.9250946,1.701157346,28.29862857,39.27150896,0.233183374
313,320,5,44.94,61.6475,53.502,0,104.872,202.994,0.218,19,41,39,41,100.0893211,17.06377821,51.13271879,2.183516629,33.28059088,34.99505081,0.256836021
314,321,2,53.6,,0,76.23,92.89,38.81,0.174,33,47,25,37,94.47728984,15.93605896,55.98761813,2.658981224,30.1246651,35.16590814,0.251753481
315,322,1,47.8,74.59,96.94,0,155.58,297.07,0.161,24,13,30,19,108.5630834,17.74889131,54.34410067,3.920852562,30.04167301,33.81917463,0.235047125
316,323,2,26.55,25.635,31,0.775,82.535,217.525,0.157,2,30,47,23,78.09194279,11.53585825,69.97373409,3.664488411,36.29110232,35.51955748,0.249501361
317,324,6,43.9,50.915,67.70166667,0,130.0883333,229.855,0.163833333,7.833333333,44.66666667,20.5,18.33333333,95.86545166,14.6437336,53.82083185,4.311395825,33.69904322,40.11084067,0.249530211
318,325,3,24.3,34.40666667,39.75333333,2.04,68.52,208.2066667,0.161,4,24,48,13,101.7815632,12.66206228,75.22777734,1.267233095,28.76030227,32.77741025,0.257700275
319,326,2,32.25,31.71,42.385,0,89.145,157.145,0.183,44,40,26,24,102.050953,9.961539341,39.61954138,2.331864164,20.85874424,33.27083096,0.256928865
320,327,4,40.775,54.55666667,74.385,0,129.0275,322.715,0.1525,3.75,22,5.25,13.75,94.02354145,13.73149851,41.72212696,0.656390258,26.80258783,34.21019189,0.238127736
321,328,4,34.075,28.41666667,43.795,0,95.415,201.6875,0.157,2,30,47,23,81.0037459,9.929549188,70.12785702,3.721686413,35.04321882,34.63308556,0.253632585
322,329,2,47.85,62.76,76.27,0,95.77,0,0.171,31,37,7,22,97.08062808,14.3557388,50.82617124,2.063275318,31.37162383,36.06070296,0.242074682
323,330,3,43.03333333,41.26,51.88,0,125.6966667,320.54,0.231,26,42,29,45,75.42440778,11.13354112,69.36047245,4.11328773,34.3950203,36.45545746,0.277674447
324,331,2,35.5,74.82,71.225,0,120.335,281.87,0.173,43,14,23,33,110.2931919,11.17780497,45.93192371,0.22206259,20.03175672,35.5939381,0.21664946
325,332,1,46.6,98.84,67.52,0,118.04,422.41,0.173,43,14,23,33,109.0504652,11.12955173,46.46388002,0.190196002,17.75423874,35.35534363,0.216247752
326,333,8,50.925,47.44833333,83.4875,0,172.975,176.5675,0.226,16,15,35,43,94.24721111,17.08170833,59.36856222,4.101120198,29.89685125,40.32640327,0.26619554
327,334,6,40,40.67333333,71.92833333,0,124.9333333,301.6283333,0.188,25,33,27,39,95.42929069,15.63480619,62.22244994,0.586640704,31.31109294,41.79671985,0.273109167
328,335,2,42.85,66.55,83.245,0,125.08,351.81,0.173,43,14,23,33,111.4214376,11.21003079,45.10222978,0.238590279,21.62296327,35.08200417,0.216833804
329,336,5,27.52,572.22,517.114,78.064,647.758,5328.934,0.1542,21.8,15,30.6,16.4,97.94883772,19.43201925,48.77335577,3.840694296,26.62634068,42.62886227,0.22969996
330,337,2,39.95,46.385,56.99,0,120.17,296.265,0.193,14,11,15,36,96.94802184,14.99102423,48.28244848,1.55344552,29.77772494,38.10615673,0.242978164
331,338,8,24.225,26.87,31.39125,0.87125,65.2925,211.50125,0.1385,6.75,22.25,10,5.625,102.8506062,21.50671037,55.24212356,0.601541818,30.05919166,36.60716219,0.274160384
332,339,4,47.125,50.025,77.3225,0,145.365,357.2275,0.209,27,35,38,47,87.11842337,17.48661931,62.19697177,5.327522085,32.18864675,40.47205539,0.266375711
333,340,5,35.92,58.69,23.682,0,101.31,242.308,0.138,17,1,9,10,96.65881224,16.45472748,57.63191017,0.792014694,28.08797435,40.8764305,0.263465711
334,341,1,56.4,53.5,73.55,0,127.4,497.06,0.231,26,42,29,45,71.97379357,10.67978757,70.63099997,4.081349203,33.99387169,36.66653115,0.276332019
335,342,1,34.1,,0,45.39,57.78,85.32,0.174,33,47,25,37,95.57422924,16.43999779,57.30946922,2.595041364,29.96997356,36.31976795,0.256245445
336,343,1,50.2,64.22,78.83,0,174.32,344.73,0.231,26,42,29,45,75.02791341,12.32330742,68.94701004,3.662866751,34.65423075,36.73888524,0.273878197
337,344,6,39.5,34.71666667,55.62,0,121.0933333,291.97,0.164,13,22,14,20,89.39748012,15.57808876,60.03304498,1.094885303,28.81657158,39.68222369,0.254662994
338,345,1,71.9,113.06,111.94,0,210.65,375.83,0.26,41,49,32,50,98.19062551,14.10982963,58.92330869,2.373634696,29.303243,40.32384067,0.2304039
339,346,2,44.3,45.59,38.37,0,107.31,443.095,0.187,49,43,41,38,114.8485491,11.17579522,44.26721185,3.591146288,15.19043817,39.14573576,0.231281579
340,347,1,34.2,51.73,51.67,0,110.17,290.55,0.141,3,26,5,10,97.32663945,19.88647297,49.42583793,0.537670651,26.99446079,34.35277176,0.277110347
341,348,3,49.36666667,62.54,74.43666667,0,106.9533333,360.0466667,0.218,19,41,39,41,93.80595779,16.40841664,53.98298518,3.277968222,32.7697311,36.04983266,0.255514467
342,349,2,34.9,45.555,52.86,0,120.77,93.005,0.1655,26,23,11.5,21.5,96.62609207,14.95451978,48.21237289,1.926797927,32.68944295,36.25408745,0.260070162
343,350,5,50.6,62.712,76.346,0,151.746,282.582,0.203,16,23,24.6,38,99.48785871,16.80244144,49.54306055,2.095144016,32.19569295,35.93665384,0.248757017
344,351,4,50.95,70.13,85.6425,0,151.7275,384.6625,0.157,2,30,47,23,85.19559616,8.793456281,64.95269963,3.928073138,33.98933261,36.49058411,0.260676688
345,352,3,49.43333333,53.555,95.22,0,143.73,281.2266667,0.175,8,39,42,29,89.46725362,15.94242541,65.93783671,2.733968292,36.4896155,40.86547464,0.269818515
346,353,5,34.94,42.624,45.432,1.21,94.654,290.804,0.138,17,1,9,10,97.61804174,16.74281074,55.67867241,1.343887818,30.25330648,43.33688752,0.254948609
347,354,1,45.7,71.63,80.25,0,137.82,284.31,0.173,43,14,23,33,112.457144,11.6007869,44.15617943,0.462768564,20.43729921,33.72631021,0.217051805
348,355,6,51.71666667,93.37666667,109.5166667,0,169.7983333,291.8566667,0.1745,8.333333333,36,38.66666667,29.16666667,107.3662866,16.26050565,60.91366296,1.427892427,33.49483652,41.31357622,0.268414529
349,356,4,49.525,68.6925,47.565,0,179.74,258.715,0.208,22,38,33,40,92.2301453,15.26325806,55.03031115,3.802089155,29.65080667,37.83271055,0.2408565
350,357,4,33.125,45.715,50.7425,0,94.9875,207.0925,0.157,2,30,47,23,78.22997977,10.72468864,72.03865639,3.694923612,36.17633997,32.57521675,0.253714597
351,358,2,62.6,90.6,115.315,0,183.1,188.415,0.173,43,14,23,33,109.5992282,10.57080681,44.81166397,0.589163407,19.07021301,33.53389251,0.216450942
352,359,4,52.275,76.51,80.1725,0,215.655,135.7675,0.176,13.75,24,23.25,32.25,88.18828805,13.90971068,63.31523237,1.036803091,31.13273665,40.67074433,0.271099715
353,360,3,39.63333333,40.42333333,50.32666667,0.7,126.6033333,303.1033333,0.172,10,21,22,30,87.64901712,14.51793191,62.43658013,0.206469297,32.96895801,43.18575425,0.265241428
354,361,1,43.2,41.42,50.49,0,156.7,281.98,0.183,44,40,26,24,101.4387452,10.79532017,36.58773041,1.639609686,22.87186636,32.80862045,0.236926628
355,363,2,41.65,57.895,69.265,0,91.995,369.41,0.162,7.5,15,9.5,14,98.3441903,20.64058075,53.09114933,0.643843917,28.22004152,34.63215876,0.270436071
356,364,4,45.05,77.7,89.45,5.3525,146.0325,301.5175,0.161,4,24,48,13,85.45470645,13.47110099,71.74235688,2.373628736,29.33543293,35.14247938,0.259218566
357,365,6,29.8,25.00666667,31.83833333,0.558333333,80.58333333,257.1716667,0.175,8,39,42,29,104.5600009,18.14394543,63.56511476,1.425072016,36.31190936,42.2682226,0.27362842
358,367,4,27.725,861.875,883.645,123.0025,945.7725,6767.065,0.146,15,8,28,11,99.38164128,18.04249899,51.31332007,4.02936883,22.44235466,44.34793091,0.241134391
359,368,4,43.15,45.65333333,79.1825,0,136.43,118.3775,0.2175,21.5,25,36.5,45,88.25412576,17.17838009,61.31410766,6.623867283,30.0218242,39.60485458,0.25570343
360,369,2,38.4,30.95,29.18,0,74.975,388.965,0.157,2,30,47,23,86.86383502,14.45038205,65.25060082,2.709256878,31.5708878,42.5569102,0.273134435
361,370,1,39.8,49.34,73,0,125.29,305.58,0.193,14,11,15,36,96.72000694,15.14006011,46.93207741,1.762676716,28.21141291,36.33511543,0.243203621
362,371,3,34.36666667,53.385,65.45666667,0,105.32,300.3133333,0.170666667,9.666666667,7,7,20,96.48861982,12.77519127,53.94316167,3.23665592,33.27327845,36.53369946,0.223988269
363,372,2,34.15,72.095,84.965,1.945,109.795,225.285,0.161,4,24,48,13,90.01277781,12.03136579,74.55262652,1.491800958,29.68536363,34.4150497,0.257429432
364,373,6,43.81666667,54.314,65.06166667,0,141.4983333,317.0566667,0.157,2,30,47,23,88.74635031,8.135536472,65.7481887,3.765900977,34.18380286,35.87636052,0.26114615
365,374,4,36.35,60.96,62.195,0,120.6775,175.115,0.16,21,9,16,21,96.39410159,14.17164219,34.32486301,1.47341164,29.62836523,34.25574938,0.25361226
366,375,1,55.4,,134.49,0,165.73,499.32,0.209,27,35,38,47,57.91256114,14.71525606,67.90969413,2.964420625,34.83936582,37.03570557,0.268359681
367,376,5,31.9,41.268,40.112,0,85.0875,199.306,0.16,21,9,16,21,98.14158923,14.91901235,49.01154989,1.310649407,31.52179445,36.56563047,0.264637782
368,377,2,30.85,39.795,39.915,2.03,76.03,290.79,0.137,12,19,3,2,106.7451785,14.96086389,50.51024284,0.391956116,26.65193659,34.27493961,0.239605356
369,378,4,51.325,57.985,85.1375,0,185.5233333,280.63,0.21225,29.25,38.75,39.75,46.75,84.68539278,16.28177819,62.61039635,5.954178239,31.62138401,37.87787406,0.247615083
370,379,3,36.1,47.27,59.00666667,4.4,115.33,256.2933333,0.161,4,24,48,13,88.64476175,12.26783402,73.18144031,2.109605415,29.09976751,35.081981,0.260147077
371,380,3,47.73333333,51.04,69.84333333,0,137.9733333,265.8666667,0.231,26,42,29,45,77.16197858,9.116256264,69.93362335,4.265397971,34.16177156,35.87721706,0.275124415
372,381,2,27.8,41.65,14.235,0,72.205,260.715,0.145,20,25,21,8,94.564442,14.46382717,38.37077554,1.525482853,30.29930123,34.78509649,0.252894306
373,382,3,52.36666667,67.29666667,85.07666667,0,160.9366667,221.4533333,0.209,27,35,38,47,88.79113264,17.58666547,62.40117356,3.997567841,33.93867885,41.37620697,0.26867248
374,383,4,55.85,89.66,90.9775,0,221.76,71.655,0.226,16,15,35,43,87.54011021,16.40676531,60.04146336,13.42837561,29.99918792,38.91604138,0.268094703
375,384,1,50.6,71.04,69.29,0,,412.83,0.154,35,28,20,18,104.1638212,14.02554965,47.00080109,3.639982343,20.12477541,40.55724478,0.225145441
376,385,4,39.475,51.71666667,70.96,0,116.0775,308.63,0.208,22,38,33,40,87.57733011,13.0724198,57.39890194,6.482312888,30.26014455,37.98299758,0.232971431
377,386,4,38.925,39.17666667,57.7575,0,113.2925,221.3025,0.157,2,30,47,23,88.17597381,10.83650833,66.47623043,3.542781051,34.35945736,37.69952742,0.249582052
378,387,5,50.24,73.962,74.58,0,151.43,193.358,0.208,17,29,29.4,39,96.32775472,16.82492621,49.8749212,3.510285008,33.09548104,36.46259086,0.250315095
379,388,1,36.5,,60.6,0,91.96,0,0.172,10,21,22,30,86.78635684,15.60162298,61.660751,2.152179751,26.83383317,39.55004813,0.253524425
380,389,3,48.06666667,44.21,86.61333333,1.416666667,147.6966667,262.6566667,0.172,10,21,22,30,87.63898798,13.43751066,63.70654338,2.567488235,28.77115329,40.43549135,0.259846929
381,390,3,53.4,54.29,91.66,0,203.7466667,73.9,0.201,23.33333333,39.33333333,42.33333333,40.33333333,79.05868124,9.667720968,63.56742461,4.106151486,34.78580992,36.07935639,0.265750368
382,391,3,51.43333333,67.55333333,93.45333333,0,167.67,273.7266667,0.141,3,26,5,10,103.4181329,16.01209116,40.26408748,0.819758551,24.76436577,33.00444635,0.243935774
383,392,7,44.94285714,47.83714286,57.92285714,0,146.5314286,278.32,0.175,8,39,42,29,99.09183094,17.53259393,62.12514305,2.67091339,35.1613587,42.03140736,0.270795271
384,393,2,36.8,48.225,49.505,0,105.965,287.48,0.193,14,11,15,36,98.40759405,15.89082162,43.36684767,2.297801008,28.99002838,35.44719347,0.248093598
385,394,5,29.22,34.406,34.676,0.282,72.245,252.826,0.145,20,25,21,8,91.53783054,15.00943618,36.32810125,1.426045072,28.83412276,34.15236401,0.25304109
386,395,2,55.6,70.535,75.955,0,182.87,399.285,0.211,7,23,24,42,97.65396067,16.69381129,54.65506058,2.407675998,33.5507913,40.63304472,0.220959082
387,396,6,22.73333333,19.89666667,24.24333333,0.565,51.30166667,225.165,0.156166667,20,24.16666667,19.5,23.5,91.64483685,15.60809173,59.88355594,1.447155767,29.32648511,39.93350585,0.253176312
388,397,2,53.85,62.615,97.34,0,170.64,353.305,0.155,5,46,18,14,97.04320854,15.90631269,49.801577,1.818884903,35.44420825,38.91450975,0.259363164
389,398,2,44.45,56.305,72.785,0,157.55,265.105,0.164,13,22,14,20,95.67244568,13.97925401,59.31659813,1.266532672,28.72383328,41.20992889,0.224857333
390,399,4,56.05,65.52,102.6725,0,199.7425,254.425,0.201,30,48,49,44,92.35449246,12.45686914,60.44606946,3.872972451,33.34384357,37.1844104,0.258318441
391,400,1,44.3,47.91,48.57,0,145.73,261.74,0.141,3,26,5,10,102.5567102,13.19692001,38.07944489,2.465719007,23.24284649,33.95398031,0.22557566
392,401,3,43.33333333,49.69,62.47333333,0,128.865,343.6466667,0.155,5,46,18,14,95.75578863,15.38106249,51.93649937,3.206722849,35.04024462,40.05118918,0.249658282
393,402,2,50,70.325,57.575,0,134.39,488.895,0.193,46,31,31,35,95.13549805,12.00191712,43.18914604,1.424660228,23.62766529,33.98334623,0.234942959
394,403,4,39.45,38.98,70.585,0,138.43,58.0575,0.2065,8.75,20,21.75,40.5,99.33022181,17.38508766,50.15743176,1.847194577,32.88130125,37.48080444,0.250789937
395,404,2,47.15,63.325,95.555,0,171.3,0,0.222,36,50,45,46,82.06383896,11.51244569,68.16408539,4.252497435,35.4037838,36.42584038,0.272424084
396,405,1,32.9,48.84,34,0,68.88,314.33,0.172,47,36,36,32,104.8984768,12.13637825,42.87808521,3.603365467,22.10184119,34.82305717,0.235098074
397,406,2,31.15,36.155,35.28,0,67.17,140.55,0.171,31,37,7,22,97.02676011,14.79836857,49.06327773,2.081093788,32.64239979,36.10930968,0.242081154
398,407,2,40.25,51.62,58.595,0,92.685,279.31,0.218,19,41,39,41,94.82979012,16.17942174,55.31210423,3.157274962,32.96963692,36.00234604,0.240489107
399,408,5,47.06,54.79,80.448,0,155.304,228.172,0.2454,34,41.2,26.8,45,98.02244339,12.98504593,55.6175127,4.049963421,30.57643085,37.94147129,0.206466887
400,409,4,39.175,55.385,68.8,0,128.3375,266.42,0.187,6,10,6,25,96.92402385,13.319173,49.64090095,2.999040833,30.78087026,36.91121401,0.199971609
401,410,4,37.775,68.5725,73.1975,0,124.3975,247.7475,0.161,4,24,48,13,94.51998084,11.89985943,74.03437829,1.692496483,28.49341769,34.29222643,0.260528002
402,411,1,30.9,43.25,46.5,0,98.67,227.53,0.141,3,26,5,10,105.4842072,19.28306293,49.33372307,0.228333466,25.97378858,35.91727511,0.27496472
403,412,2,31.8,27.915,36.17,0,92.495,256.595,0.223,34,44,40,49,87.31032766,13.20635544,58.89143448,5.671174079,31.80051064,36.87517162,0.237107322
404,413,1,36.9,,0,42.07,56.49,94.92,0.174,33,47,25,37,93.34525824,13.90452027,57.39594221,2.562496796,30.74979663,36.17612171,0.246733234
405,414,3,19.8,682.1966667,685.9733333,78.46333333,658.5466667,6625.923333,0.146,15,8,28,11,99.08213027,17.92042798,48.73301595,4.220597726,25.99668932,43.26240434,0.231187781
406,415,1,46,52.33,69.63,0,151.12,268.14,0.222,36,50,45,46,74.20466868,14.25336234,66.72594198,3.025684873,35.03018697,36.43864441,0.264531533
407,416,4,37.1,56.4475,51.43,0,111.125,277.3425,0.15875,17,18.25,16.5,19.25,95.82883573,15.21800235,48.87249962,1.38262681,33.33903971,37.18932489,0.264051521
408,417,1,42.6,50.88,0,0,,353.98,0.175,37,32,43,31,95.00047772,16.60231372,59.75632301,2.586694186,24.39075162,44.36659916,0.275069267
409,418,4,40.975,51.0175,60.6775,0,129.92,291.815,0.172,10,21,22,30,90.1025699,14.22682989,61.77121361,0.36954825,33.46644767,43.12550934,0.258094662
410,419,3,40.56666667,54.47666667,56.24666667,1.1,136.9733333,290.1433333,0.199,11.66666667,15,18,38,98.54270108,17.67050234,50.35007795,2.579249425,34.07174854,37.77394744,0.251822579
411,420,3,56.16666667,93.46666667,62.6,0,259.6666667,0,0.208,22,38,33,40,90.78718101,16.35072243,57.52083261,33.92718701,30.21990988,39.76690498,0.239423972
412,421,2,43,52.015,52.06,1.43,117.755,346.325,0.16,21,9,16,21,97.76679128,16.26965145,49.39188849,1.197729727,31.94698824,38.61232764,0.254450425
413,422,4,36.4,49.475,68.4925,1.5575,127.7275,181.175,0.187,6,10,6,25,95.40747997,17.67062749,50.27144026,0.725551463,29.06590427,34.31558392,0.262183921
414,423,2,42.1,57.565,60.865,7.63,118.975,303.195,0.193,14,11,15,36,97.06138357,16.30289183,46.81455651,4.178511421,30.54700867,38.15936859,0.242470398
415,424,1,51,84.63,99.93,0,145.43,384.23,0.172,10,21,22,30,85.04144287,14.02546616,62.87584076,3.230844784,25.90428886,39.33879471,0.241443718
416,425,3,40.96666667,54.49,71.07333333,0,108.42,299.78,0.165666667,22.33333333,40,10.66666667,19.33333333,98.87954436,15.29069617,50.04315329,1.768407627,34.14577611,37.68025677,0.261769718
417,426,3,44,59.89,64.17666667,0,134.1266667,328.2333333,0.172,10,21,22,30,92.54301368,14.66034826,61.50702572,0.272992731,32.15042385,43.59090593,0.26038045
418,427,6,55,64.76166667,96.72,0,191.255,283.3,0.188,25,33,27,39,87.01048993,14.63341727,63.07823119,0.270417514,32.25229679,42.04843509,0.275671328
419,428,3,26.63333333,27.15666667,32.45333333,0,70.65,258.4666667,0.143,38,7,19,26,103.8350518,18.27633123,51.38552817,3.800405493,24.19091042,36.41971285,0.238131226
420,429,2,44.9,49.615,67.24,0,125.71,380.455,0.223,34,44,40,49,87.46909269,12.50255172,60.2637531,4.713934134,32.33603081,36.04214589,0.261749324
421,430,1,63.3,,137.78,0,196.24,551.38,0.209,27,35,38,47,77.30921809,16.09991055,67.57964579,2.415038149,36.0412674,37.42890231,0.268753221
422,431,3,35.56666667,58.37,64.33333333,0,122.62,269.91,0.176,32,18,44,28,103.3334924,17.27946377,58.74481693,3.910244912,22.51560275,40.9329428,0.259969294
423,432,1,51.7,60.84,81.02,0,161.71,0,0.218,19,41,39,41,94.69231669,15.99187819,54.12789663,2.462431908,33.70334244,36.32800547,0.249388238
424,433,5,43.72,65.48,72.644,0,126.308,337.568,0.1704,10.6,21.2,20.4,28,90.04544778,14.50141231,60.70553458,1.939766706,30.68987668,41.88723615,0.219894816
425,434,1,34.8,48.29,37.01,0,89.3,213.61,0.171,31,37,7,22,94.99763775,13.69457257,47.6073451,1.3392286,28.10125232,34.5711503,0.237332594
426,435,5,48.7,78.568,88.096,0,202.076,55.268,0.208,22,38,33,40,90.68578992,14.7502213,55.47129948,5.929986687,30.02490495,38.53010816,0.244338263
427,436,1,42.7,79.84,0,0,,403.08,0.26,41,49,32,50,97.55290985,13.7116667,57.24000495,3.206637314,29.71112306,38.73959796,0.223640288
428,437,1,47.2,66.87,69.44,16.16,137.89,246.18,0.141,3,26,5,10,88.30751546,11.9876198,46.8057305,0.997017359,25.35434484,34.43004886,0.222321921
429,438,1,44.8,91.14,0,0,189.87,0,0.155,5,46,18,14,95.98215993,15.51397864,55.17082214,10.84042613,30.37517675,40.38195165,0.249909744
430,439,4,25.55,208.4175,207.7775,16.925,189.9575,1795.3825,0.1375,8,26.25,4.25,9,102.067336,20.9056685,52.88636355,0.380890606,29.38393637,38.47096582,0.278339738
431,440,4,42.875,46.525,59.3575,0,155.7525,215.5125,0.172,10,21,22,30,85.50083787,14.11665622,62.88279613,3.082728169,27.64975094,40.68035894,0.232246295
432,441,1,31.4,36.64,31.12,0,84.12,291.29,0.135,11,17,11,9,100.6280503,19.44896763,53.66030837,4.044544162,31.65737878,33.05951211,0.234584334
433,442,4,50.075,70.79,91.8025,0,163.0525,267.585,0.226,16,15,35,43,98.9420887,16.3332312,58.44080258,2.629921381,29.32843539,40.90211725,0.273137547
434,443,2,38.4,35.28,47.235,0,99.195,340.685,0.157,2,30,47,23,94.58109602,16.71384963,58.79411126,2.126538336,24.01018159,43.18481223,0.271580418
435,444,3,57.96666667,73.65333333,97.44666667,0,208.47,418.5,0.226,16,15,35,43,89.48562342,16.90792093,58.63384641,21.20834462,29.40298974,39.23903137,0.268657089
436,445,3,36.13333333,47.66,67.56333333,0,104.3733333,302.4133333,0.188,25,33,27,39,94.42002795,13.21731667,66.29074988,3.535047868,29.01967148,35.75806155,0.267988916
437,446,4,32.8,34.2175,29.1825,0,91.0475,227.9525,0.1415,14.25,16,15.75,11.5,102.7169911,18.3622272,55.08144538,4.058879926,30.41302831,33.57808315,0.233257659
438,447,1,53.9,152.75,0,0,,424.99,0.145,20,25,21,8,98.37197838,13.3725499,34.3705637,1.383522457,22.06894398,33.7903162,0.253806316
439,448,4,50.125,58.085,73.3825,0,176.1175,177.8575,0.201,30,48,49,44,82.52531897,12.68416145,61.60443785,4.251113619,33.43900607,40.02181039,0.266202149
440,449,3,32.5,44.38,48.74333333,2.21,94.07333333,264.1466667,0.161,4,24,48,13,88.0265071,12.39748157,72.5703619,1.382819006,28.73368559,35.23858059,0.26076495
441,450,3,48.1,53.56333333,67.14,0,146.22,224.2366667,0.231,26,42,29,45,84.63706758,8.716468849,68.84053018,4.34367213,34.36536524,35.12271796,0.276129967
442,451,3,55.3,57.89,92.40333333,0,174.9,298.5833333,0.208,22,38,33,40,92.13704361,15.22500227,54.85362182,6.416557579,30.38379195,39.19900092,0.247536464
443,452,3,28.7,36.85666667,32.86666667,1.653333333,72.03666667,153.1633333,0.138333333,7,22,10.33333333,5.333333333,100.7440854,21.61335542,55.18670754,0.571176914,29.41197895,35.97689656,0.275331023
444,453,3,35.93333333,51.28666667,55.79666667,1.166666667,113.6533333,266.9366667,0.211,7,23,24,42,97.16111422,15.57284703,50.89398883,2.749734035,31.55144687,39.2644609,0.218541979
445,454,4,49.45,51.0725,67.635,0,114.52,424.905,0.222,36,50,45,46,72.55897424,13.41195083,68.52611882,3.221072031,35.20357096,36.81436634,0.27409122
